ProteinID,Peptide,log2FC,pvalue
Q9D4F2,RGS[+80]FPLAASGPAQAAPAPPPEDAR,-1.194087972,0.000160774
A2A8Z1,LIDSSGSASVLTHSSS[+80]GNSLK,0.895422005,0.037813864
Q3B7Z2,TGSNIS[+80]GASSDVSLDEQYK,0.952510939,0.037862356
Q9R1J0,GVSTVFHC[+57]ASPPPYSNNK,-1.304566938,0.026046914
Q99J39,NELFTDSEC[+57]QEISAVTGNPVHESLK,1.186648228,0.037533838
Q99PI5,S[+80]DSELEVKPSESLLR,1.814898247,0.00326755
P51660,VDSEGISPNRT[+80]SHAAPAATSGFVGAVGHK,0.642312818,0.014868852
Q8VCR2,SVT[+80]GQTVLITGAGHGIGR,1.536202269,0.0000699
P38060,NANC[+57]SIEESFQR,1.005035566,0.043517005
P11352,TIDIEPDIETLLSQQSGNS,0.685597382,0.334342767
Q61586,VQEAIAEVAAELNPDGSAQQQSK,0.779328101,0.111600691
Q64516,RIPGNNNFVK,0.928540279,0.032957687
Q9DBM2,AIVIC[+57]GANDNFC[+57]AGADIHGFK,1.131804849,0.017226426
Q80YA3,EPTSVSDSENIAAIPS[+80]PVTS[+80]PVLSR,2.105276477,0.007214432
Q99L43,LDGETASDSES[+80]RAETAPLPTSVDDTPEVLNR,0.564912324,0.004338276
P48758,KFS[+80]GDVVLAAR,1.270605983,0.005316398
P47740,YM[+16]NC[+57]GQTC[+57]IAPDYILC[+57]EASLQNQIVQK,4.368134754,0.001457354
P70694,YKPVC[+57]NQVEC[+57]HPYLNQGK,-1.370877211,0.022002915
Q5XG73,SSEDEKPGDESSQQTGHTIVC[+57]AHQDR,-0.12300598,0.721010188
E9Q4Z2,M[+16]AVPISVS[+80]NPDLLR,0.947883425,0.01465747
Q5SWU9,VNNADDFPNLFR,0.557712075,0.051401787
Q62448,TQT[+80]PPLGQTPQLGLK,-1.044872588,0.00000105
P70445,VEVNNLNNLNNHDR,-0.18891498,0.293780884
Q60876,VALGDGVQLPPGDYSTTPGGT[+80]LFSTT[+80]PGGTR,-0.629671761,0.614392952
Q8JZQ9,QQPASESPPTDEAAGSGGSEVGQTEDAEEDAEAGPEPEVR,0.025915604,0.901546269
Q8CHW4,RGGGGSGGGGTQGAEEEPPPPLQAVLVADSFNR,0.064184679,0.923914393
Q6NZF1,VESSENVPSPTHPPVVINAADDDEDDDDQFS[+80]EEGDESK,-0.259747683,0.359418973
Q9DBR1,NSSPSISPNT[+80]SFASDGSPSPLGGIK,0.399315359,0.043376033
P58871,VPS[+80]S[+80]DEEVVEEPQSR,-1.076923692,0.000384819
Q8BTI8,VSS[+80]PVLETVQQR,0.312590085,0.534163575
Q52KI8,YS[+80]PPIQR,-0.257818614,0.475150227
P97801,GTGQS[+80]DDSDIWDDTALIK,0.824820067,0.0000856
P62889,TGVHHYSGNNIELGTAC[+57]GK,-1.399921813,0.044694945
Q9D7S7,YFQISQDEDGSES[+80]ED,-1.742685373,0.000291379
P60898,NC[+57]DYQQEADNSC[+57]IYVNK,-0.522248163,0.031714381
Q8BG81,RRS[+80]PAAFTSPPIGTVTPALK,0.605945321,0.001524505
Q61990,LHQLAM[+16]QQSHFPM[+16]THGNTGFSGIESSS[+80]PEVK,-1.297363392,0.040455849
Q9D6Z1,SS[+80]PKEEVAS[+80]EPEEAASPTTPK,0.937517019,0.001775302
Q3U0V1,VQIS[+80]PDSGGLPER,-0.937766407,0.022595889
P14602,QLS[+80]SGVSEIR,2.780374794,0.0000887
Q8BG05,SSGSPYGGGYGSGGGSGGYGSR,-0.103343395,0.877275172
O88569,NM[+16]GGPYGGGNYGPGGSGGSGGYGGR,-0.124666098,0.60696836
Q6NZJ6,TASTPT[+80]PPQTGGSLEPQPNGESPQVAVIIRPDDR,-1.25929609,0.000669851
Q8BGD9,YAALS[+80]VDGEDEDEGDDC[+57]TE,0.912961536,0.449031952
O54825,LGPGLPQDGS[+80]DEEDEEWPTLEK,0.552683211,0.005920664
A2A7S8,AS[+80]PVTAPSSGLHAAVR,-1.249549065,0.041535828
A3KGS3,RSS[+80]S[+80]PAELELK,0.290695592,0.035477697
P59242,GS[+80]PGALS[+80]SDSELPENPYSQVK,-0.485573958,0.016061795
Q6AW69,RQDS[+80]AGPILDGAR,-0.625775191,0.020365263
Q60598,KQT[+80]PPAS[+80]PS[+80]PQPIEDRPPSSPIYEDAAPFK,-1.322197194,0.00467518
P05627,NSDLLTS[+80]PDVGLLK,3.465029184,0.043972381
O35099,TLFLGIPDENFEDHS[+80]APPS[+80]PEEK,1.14244922,0.276955787
Q61879,QLHIEGASLELS[+80]DDDTESK,1.272219697,0.003465544
Q6URW6,LEEGVAS[+80]DEEEAEGAEPGSAPGQEPEAPPPATPQ,0.880782201,8.50E-05
Q8CFI0,SLS[+80]SPTVTLSAPLEGAK,0.807429217,0.000841682
Q99NH2,NNYSPGRFS[+80]PDSHC[+57]VANR,-0.522236525,0.01195769
Q9R078,S[+80]QNNFVAILDLPEGEHQYK,0.734252029,0.041794131
P70441,EALVEPAS[+80]ESPRPALAR,-1.796341154,0.001698415
O88738,LEGDSDDLLEDS[+80]DSEEHSR,-0.312920758,0.013534857
Q9R0A0,DS[+80]HSPEGSTATYHLLGPQEEGEGVLDVK,1.140039302,5.99E-06
Q5DTM8,SGSALLQSQS[+80]STEDPKDEPTELK,-0.477898355,0.01278579
