ProteinID,Peptide,log2FC,pvalue
A2A432,DSAS[+80]PSTSSFC[+57]LGVPVATSSHVPIQK,0.732188234,0.007511537
A2A432,DSASPS[+80]TSSFC[+57]LGVPVATSSHVPIQK,1.022863322,0.018807332
A2A5R2,HLDVDLDRQS[+80]LS[+80]SIDR,-0.01309399,0.014607836
A2A5R2,HLDVDLDRQS[+80]LSSIDR,1.168325725,0.013580451
A2A5R2,RC[+57]S[+80]VT[+80]SVESTVSSGTQTAIQDDPEQFEVIK,-1.263906763,0.000690121
A2A5R2,RC[+57]S[+80]VTS[+80]VESTVSSGTQTAIQDDPEQFEVIK,0.676667267,0.014089471
A2A5R2,RC[+57]S[+80]VTSVESTVSSGT[+80]QTAIQDDPEQFEVIK,0.724292364,0.008840369
A2A5R2,RC[+57]S[+80]VTSVESTVSSGTQTAIQDDPEQFEVIK,1.196365332,0.010457496
A2A7S8,AS[+80]PVTAPSSGLHAAVR,-1.877007457,0.009540659
A2A7S8,GS[+80]PSGGSTAETSDTASIR,0.845655072,0.007133927
A2A8Z1,LIDSSGSASVLTHS[+80]SSGNSLK,1.661840423,0.005635094
A2A8Z1,LIDSSGSASVLTHSS[+80]SGNSLK,-0.168912947,0.004466782
A2A8Z1,LIDSSGSASVLTHSSS[+80]GNSLK,-0.974258624,0.000752604
A2ADY9,TQAQHSS[+80]PGEM[+16]ASSPQGLDNPALLR,0.032517584,0.00028819
A2ADY9,TQAQHSSPGEM[+16]ASS[+80]PQGLDNPALLR,-0.187005026,0.019021316
A2AIV2,SFLSEPSS[+80]PGR,-2.657668787,0.000397817
A2ALU4,ADASS[+80]TENILYK,-0.158247604,0.003914253
A2ALU4,KAPS[+80]PPPLGLPLR,-0.659412219,0.01426054
A2ALU4,SRS[+80]S[+80]PSTDHYSQEVPVEPNR,1.558107795,0.012275724
A2ALU4,SRSSPS[+80]T[+80]DHYSQEVPVEPNR,-1.851250263,0.011491021
A2APT9,KVS[+80]LLQIAENPELQLQPEGFR,0.200034365,0.002023816
A2AQ25,SIS[+80]PSPSAILER,2.750626197,0.000468473
A2ARV4,EAVAVAPPPS[+80]PSLPAK,0.332099481,0.021393228
A2ASS6,NLFSVPGAPDKPTVSSVTR,0.516335285,0.002677808
A2ASS6,NNEFTVPDLK,0.054522365,0.002734075
A2ASS6,RRT[+80]PS[+80]PDYDLYYYR,0.01348292,0.000549404
A2AVZ9,EENSGPEQQQQQEQQQQQQQQQEQHEQHSFR,-0.113429884,0.012706371
A2RSQ0,LQSDVLATGPANNNR,1.425018186,0.002512397
A3KGB4,DSPLPSNVQQGSNISNEK,-0.845566045,0.012349953
A3KGS3,RSS[+80]S[+80]PAELELK,0.98234215,0.005902379
A3KMP2,NAGLPLSTTSNEAC[+57]K,0.093759943,0.003193113
A6H8H2,HLQPTPEPQS[+80]PTEPPAWGSSIVK,-0.898525326,0.007521508
A6X919,SS[+80]PPPLSGASEVDAGELGSER,1.495727479,0.000702663
A6X919,SSPPPLS[+80]GASEVDAGELGSER,0.761583186,0.012916606
B1AR13,NQPFC[+57]DGSHFFQR,-0.431013188,0.013931947
B1AY13,NDENGNC[+57]SGEGIEFPTTNLYELESR,0.583429674,0.011533728
B1AY13,T[+80]ISAQDTLAYATALLNEK,-0.223125002,0.010180471
B1AY13,TIS[+80]AQDTLAYATALLNEK,-0.535125305,0.006241184
B1AY13,VSDQNS[+80]PVLPK,0.121391042,0.01847364
B2RRE7,EES[+80]S[+80]EDENEVSNILR,-1.162388752,0.01466867
B2RRE7,LQRPKEES[+80]S[+80]EDENEVSNILR,-0.178727816,0.007468804
B2RY04,NS[+80]AEIAPPLPVR,0.395388029,0.013644948
B2RY56,LGASNS[+80]PGQPNSVK,-0.963416356,0.002216108
B2RY56,LLIYETEAK,0.267606106,0.003963167
B9EJ86,ANNLHSGDNFQLNDSEIER,-1.060774929,0.008033991
C0HKD8,IVEPEVVGES[+80]DS[+80]EVEGDAWR,0.25942806,0.006226936
C0HKD8,LEREDS[+80]S[+80]EEEEEEIDDEEIER,-0.197276064,0.003149029
C0HKD8,RPDYAPM[+16]ES[+80]S[+80]DEEDEEFQFIK,-0.257131584,0.009771354
C0HKD8,SLAALDALNT[+80]DDENDEEEYEAWK,-1.761279777,0.006110125
E9PV24,AENPTNPGPGGSGYWRPGNSGSGSDGNR,-0.785226867,0.005484672
E9PV24,GDFANANNFDNTYGQVSEDLR,0.021913512,0.000683669
E9PV24,GDFANANNFDNTYGQVSEDLRR,0.841750795,0.009106633
E9PV24,NPGTTGSDGTGDWGTGSPRPGSDSGNFRPANPNWGVFSEFGDSSSPATR,-1.378511099,0.009252484
E9PV24,THSDSDILTNIEDPSSHVPEFSSSSK,-1.764189354,0.007682156
E9PYK3,FSQGPNNISFS[+80]PK,0.6714612,0.000249233
E9Q1P8,LEEPPELNRQS[+80]PNPR,0.0883515,0.000395677
E9Q394,DLPTETGLSVINNNVPQADM[+16]K,-0.15279861,0.006216848
E9Q3C1,DPGLS[+80]QSHNDLVFLQQPEGR,-0.137400358,0.014979575
E9Q3C1,DPGLSQS[+80]HNDLVFLQQPEGR,2.489160184,0.009878076
E9Q3C1,ENDLDS[+80]WELEK,3.593441405,0.01104621
E9Q414,NNALHFLTTSYNEAK,1.878802978,0.007047484
E9Q414,NSLFFSAQPFEITASTNNEGNLK,0.258819511,0.012040365
E9Q4Z2,M[+16]AVPISVS[+80]NPDLLR,-1.907424172,0.004485766
E9Q557,AES[+80]GPDLR,-1.734280209,0.01336544
E9Q557,GLPS[+80]PYNM[+16]SAPGSR,-0.180886999,0.012491344
E9Q557,NGVGNSSGLGGSVNDDVFSSSR,0.657404299,0.013368511
E9Q557,S[+80]SSLSDPLEESSPIAAIFDTENLEK,-1.168498197,0.011408836
E9Q557,SM[+16]S[+80]FQGIR,0.519033252,0.014217558
E9Q557,SSS[+80]LSDPLEESSPIAAIFDTENLEK,0.469815133,0.001909535
E9Q557,SSSLSDPLEESS[+80]PIAAIFDTENLEK,1.268343328,0.01356144
E9Q5C9,AAKES[+80]EEEEEEEETEEK,0.113996364,0.013203848
E9Q5C9,AAKES[+80]EEEEEEEETEEKK,-0.676557751,0.005182262
E9Q5K9,GIS[+80]PIVFDR,1.386003873,0.001763896
E9Q5K9,LSSESHHGGS[+80]PIHWVLPAGM[+16]SAK,-0.194024733,0.02591528
E9Q784,T[+80]PS[+80]PPPPILEDIILGK,-0.47390613,0.004539623
E9Q7G0,DNAQTSVTQAQQEK,-0.274757603,0.009985406
E9Q7G0,TQPDGTSVPGEPAS[+80]PISQR,-1.532267452,0.000634624
E9Q8D0,EFGDGS[+80]DENEVEDQEPR,1.205623825,0.007208882
E9Q942,ELVGDTGSQEGDNEQPS[+80]GS[+80]ETEEDPSASPQK,-0.766108727,0.016321345
E9QAT4,FT[+80]GSFDDDAEIHRDPYGEEADRR,0.310228558,0.014911921
E9QAT4,FTGS[+80]FDDDAEIHRDPYGEEADRR,0.641142951,0.02184408
E9QAT4,GS[+80]PVRHS[+80]PPELSQEEFGESFADPGSSR,-0.411335877,0.01076394
E9QAT4,GSPVRHS[+80]PPELS[+80]QEEFGESFADPGSSR,-1.052469384,0.004246921
E9QAT4,S[+80]PPGSARPQELVGTFIQQEVGK,-1.582648197,0.011471397
E9QAT4,SPPGS[+80]ARPQELVGTFIQQEVGK,-0.194097069,0.003460983
F6ZDS4,SNASLTNNQNLIQSLR,-1.096306915,0.010061153
F6ZDS4,TDGFAEAIHS[+80]PQVAGVPR,0.915580952,0.018111995
F8VPU2,AC[+57]TLELGPHQS[+80]PALPK,-0.013361469,0.028264375
F8VPU2,SPDEATAADQES[+80]EDDLSASR,1.002294538,0.01419681
G3X982,NHPEPSTEQIM[+16]ETLGGNLC[+57]R,0.110779932,0.000201084
G3X982,TIHNQEFDPTNLLQC[+57]WEAC[+57]VENSSYYNR,-1.222125072,0.003797212
G5E829,IEDS[+80]EPHIPLIDDTDAEDDAPTK,-0.931216617,0.005462855
G5E829,NNNAVDSGIHLTIEM[+16]NK,-1.115523699,0.016002676
G5E829,S[+80]SIHNFM[+16]THPEFR,0.672462511,0.006062748
G5E870,SES[+80]PPAELPSLR,-0.323625864,0.006934799
G5E870,VREDDEDS[+80]DDDGS[+80]DEEIDESLAAQFLNSGNVR,-0.663560675,0.026554542
G5E8K5,RQS[+80]FASLALR,-0.357807056,0.011936359
O08539,DEQFEQC[+57]VQNFNK,1.479502711,0.006539908
O08547,NLGS[+80]INTELQDVQR,-0.005095225,0.001450054
O08547,NLGSINTELQDVQR,-0.625970067,0.007032565
O08547,RNLGS[+80]INTELQDVQR,-0.284197503,0.014292407
O08553,NLHQSGFSLSGAQIDDNIPR,0.876070116,0.00435323
O08573,NTQINNSWGQEER,1.535112746,0.004039405
O08582,LHGGFDS[+80]DC[+57]S[+80]EDGEALNGEPELDLTSK,0.464102061,0.021926185
O08582,S[+80]RSPVDSPVPASM[+16]FAPEPSS[+80]PGAAR,1.51032228,0.011541284
O08582,S[+80]RSPVDSPVPASM[+16]FAPEPSSPGAAR,0.496819169,0.007122439
O08582,SRS[+80]PVDSPVPASM[+16]FAPEPSS[+80]PGAAR,0.087289107,0.00933606
O08600,AM[+16]DDTFYLSNVAPQVPHLNQNAWNNLER,-0.42174157,0.003381381
O08601,GHTTGLSLNNER,-0.380484275,0.004513621
O08601,NPDGDDDQVIQVTITAVNVENAGQQR,-0.734354474,0.004594859
O08609,GAPQLS[+80]PES[+80]PLLSGAR,-1.220864415,0.005096877
O08609,GAPQLS[+80]PESPLLSGAR,1.412565072,0.008049767
O08638,NM[+16]DPLNDNVTSLLNASSDK,-1.044195127,0.009903221
O08677,GNLFM[+16]DINNK,1.071379514,0.007919997
O08705,GTHNGNNPPTQPGLSPNGLNSGQM[+16]AN,1.550212544,0.005820417
O08709,DDNNM[+16]PVTAR,-0.143649463,0.001460074
O08709,DINAYNGETPTEK,-1.10849649,0.006230924
O08715,RLS[+80]EEAC[+57]PGVLSVAPTVTQPPGR,-1.227232398,0.006494951
O08715,RLS[+80]EEAC[+57]PGVLSVAPTVTQPPGREEQR,-1.026050929,0.00531435
O08715,RSES[+80]SGNLPSVADTR,-0.262531158,0.006934372
O08715,RSESS[+80]GNLPSVADTR,0.984252369,0.006319223
O08715,S[+80]ESSGNLPSVADTR,0.229037847,0.012733721
O08715,SES[+80]SGNLPSVADTR,-0.063170361,0.002263776
O08749,NETLGGTC[+57]LNVGC[+57]IPSK,0.255547522,0.011815165
O08756,GVIINTASVAAFEGQVGQAAYSASK,-1.780451421,0.015979605
O08756,NFLASQVPFPSR,0.552935026,0.00707728
O08784,SAEPLANTVLAS[+80]ETEEEGNAQALGPTAK,1.523581113,0.01124581
O08795,DGSDEPGTAAC[+57]PNGSFHC[+57]TNTGYKPLYILSSR,0.533235521,0.015230242
O08795,VNDGVC[+57]DC[+57]C[+57]DGTDEYNSGTVC[+57]ENTC[+57]R,1.155396786,0.014143661
O09012,S[+80]AIESDVDFWDK,-0.75380606,0.019138995
O09044,ATWGDGGDNS[+80]PSNVVSK,-0.326426401,0.010239789
O09044,NM[+16]ALDM[+16]GNEIDAQNQQIQK,-1.282138839,0.007408228
O09106,IAC[+57]EEEFS[+80]DS[+80]DEEGEGGRK,0.120836072,0.005985613
O09106,M[+16]LPHAPGVQM[+16]QAIPEDAIPEES[+80]GDEDEEDPDKR,0.524456546,0.019897958
O09158,NRVDFLQLM[+16]M[+16]NTQNSK,0.085798667,0.007342898
O09173,DFLIPVAWYEDR,-0.140765077,0.001120343
O09173,GQNNPQVC[+57]PYNLYAEQLSGSAFTC[+57]PR,0.451152978,0.008894127
O09173,SNNGLAVHIFLC[+57]NSSM[+16]ENR,0.530224335,0.005000786
O35099,TLFLGIPDENFEDHS[+80]APPS[+80]PEEK,1.068623738,0.009014432
O35099,TLFLGIPDENFEDHSAPPS[+80]PEEK,-0.764972896,0.020484276
O35215,STEPC[+57]AHLLVSSIGVVGTAEQNR,-0.885625642,0.014454024
O35295,DSLGDFIEHYAQLGPSS[+80]PEQLAAGAEEGGGPR,-0.420513403,0.012176723
O35343,NVPQEDIC[+57]EDS[+80]DIDGDYR,1.866668133,0.007315933
O35343,VQNTSLEAIVQNASSDNQGIQLSAVQAAR,1.198853945,0.01446365
O35344,NVPQEESLEDS[+80]DVDADFK,-0.290794543,0.008141001
O35386,NNGC[+57]LVVLPGTHK,0.515193686,0.031816412
O35490,AGASIVGVNC[+57]HFDPSVSLQTVK,-0.877099572,0.002815207
O35490,AGPWTPEAAVEHPEAVR,-2.121174976,0.011453268
O35490,AGSNVM[+16]QTFTFYASEDK,-0.424531617,0.010539652
O35490,EYWQNLR,1.186893077,0.020205881
